{
  "manifest.json": 1700215167963,
  "controller/ErrorHandler.js": 1699534993141,
  "model/models.js": 1699534993133,
  "model/formatter.js": 1699534993149,
  "controller/Worklist.controller.js": 1699571305520,
  "controller/Object.controller.js": 1699534993141,
  "controller/NotFound.controller.js": 1699534993141,
  "i18n/i18n.properties": 1699534997557,
  "controller/BaseController.js": 1699571305520,
  "controller/App.controller.js": 1699571305520,
  "Component.js": 1699565733972,
  "Component-preload.js": 1700215168719,
  "controller/Object-dbg.controller.js": 1699534993141,
  "model/formatter-dbg.js": 1699534993149,
  "controller/Worklist-dbg.controller.js": 1699571305520,
  "model/models-dbg.js": 1699534993133,
  "controller/NotFound-dbg.controller.js": 1699534993141,
  "controller/ErrorHandler-dbg.js": 1699534993141,
  "controller/BaseController-dbg.js": 1699571305520,
  "controller/App-dbg.controller.js": 1699571305520,
  "Component-dbg.js": 1699565733972,
  "view/Worklist.view.xml": 1699534993161,
  "view/ObjectNotFound.view.xml": 1699534993157,
  "view/Object.view.xml": 1699534993153,
  "view/NotFound.view.xml": 1699534993153,
  "view/App.view.xml": 1699534993149,
  "index.html": 1699534993101
}