{
  "index.html": 1699508238672,
  "model/models.js": 1699508238684,
  "manifest.json": 1700056283601,
  "controller/novoinnoappview.controller.js": 1699509578279,
  "controller/App.controller.js": 1699509548174,
  "Component.js": 1699508238672,
  "Component-preload.js": 1700056283794,
  "model/models-dbg.js": 1699508238684,
  "controller/novoinnoappview-dbg.controller.js": 1699509578279,
  "controller/App-dbg.controller.js": 1699509548174,
  "Component-dbg.js": 1699508238672,
  "view/novoinnoappview.view.xml": 1699508238700,
  "view/App.view.xml": 1699508599807,
  "css/style.css": 1699508238700,
  "i18n/i18n.properties": 1699508238676
}