{
  "Component.js": 1700216099475,
  "controller/Object.controller.js": 1700221592636,
  "model/models.js": 1700216099475,
  "model/formatter.js": 1700216099475,
  "controller/Worklist.controller.js": 1700221905337,
  "manifest.json": 1700223744361,
  "controller/NotFound.controller.js": 1700216099475,
  "controller/ErrorHandler.js": 1700216099475,
  "controller/BaseController.js": 1700216099475,
  "controller/App.controller.js": 1700216099475,
  "i18n/i18n.properties": 1700221444586,
  "Component-preload.js": 1700223744611,
  "model/formatter-dbg.js": 1700216099475,
  "model/models-dbg.js": 1700216099475,
  "controller/Worklist-dbg.controller.js": 1700221905337,
  "controller/Object-dbg.controller.js": 1700221592636,
  "controller/NotFound-dbg.controller.js": 1700216099475,
  "controller/ErrorHandler-dbg.js": 1700216099475,
  "controller/BaseController-dbg.js": 1700216099475,
  "controller/App-dbg.controller.js": 1700216099475,
  "Component-dbg.js": 1700216099475,
  "view/Worklist.view.xml": 1700221127788,
  "view/ObjectNotFound.view.xml": 1700216099475,
  "view/Object.view.xml": 1700223547043,
  "view/NotFound.view.xml": 1700216099475,
  "view/App.view.xml": 1700216099475,
  "Image/wankdorf.png": 1700223233258,
  "index.html": 1700216099475
}