{
  "controller/Worklist-dbg.controller.js": 1700297555960,
  "controller/BaseController.js": 1699571305520,
  "model/models.js": 1699534993133,
  "model/formatter.js": 1699534993149,
  "controller/Worklist.controller.js": 1700297555960,
  "controller/Object.controller.js": 1700225049966,
  "controller/NotFound.controller.js": 1699534993141,
  "controller/ErrorHandler.js": 1699534993141,
  "manifest.json": 1700507863886,
  "controller/App.controller.js": 1699571305520,
  "Component.js": 1700223869030,
  "Component-preload.js": 1700507864938,
  "controller/ErrorHandler-dbg.js": 1699534993141,
  "controller/Object-dbg.controller.js": 1700225049966,
  "controller/NotFound-dbg.controller.js": 1699534993141,
  "i18n/i18n.properties": 1700225049966,
  "controller/BaseController-dbg.js": 1699571305520,
  "controller/App-dbg.controller.js": 1699571305520,
  "model/models-dbg.js": 1699534993133,
  "model/formatter-dbg.js": 1699534993149,
  "Component-dbg.js": 1700223869030,
  "view/Worklist.view.xml": 1700241087389,
  "view/ObjectNotFound.view.xml": 1699534993157,
  "view/Object.view.xml": 1700439615952,
  "view/NotFound.view.xml": 1699534993153,
  "view/App.view.xml": 1700490083277,
  "Image/wankdorf2.png": 1700226968086,
  "index.html": 1700489844738
}