{
  "controller/NotFound.controller.js": 1700216099475,
  "controller/ErrorHandler.js": 1700216099475,
  "model/models.js": 1700216099475,
  "model/formatter.js": 1700216099475,
  "controller/Worklist.controller.js": 1700218494233,
  "controller/Object.controller.js": 1700218778681,
  "i18n/i18n.properties": 1700216099475,
  "manifest.json": 1700219146607,
  "controller/BaseController.js": 1700216099475,
  "controller/App.controller.js": 1700216099475,
  "Component.js": 1700216099475,
  "Component-preload.js": 1700219146824,
  "controller/App-dbg.controller.js": 1700216099475,
  "model/formatter-dbg.js": 1700216099475,
  "controller/Worklist-dbg.controller.js": 1700218494233,
  "controller/Object-dbg.controller.js": 1700218778681,
  "controller/NotFound-dbg.controller.js": 1700216099475,
  "controller/ErrorHandler-dbg.js": 1700216099475,
  "controller/BaseController-dbg.js": 1700216099475,
  "model/models-dbg.js": 1700216099475,
  "Component-dbg.js": 1700216099475,
  "view/Worklist.view.xml": 1700218437726,
  "view/ObjectNotFound.view.xml": 1700216099475,
  "view/Object.view.xml": 1700217938061,
  "view/NotFound.view.xml": 1700216099475,
  "view/App.view.xml": 1700216099475,
  "index.html": 1700216099475
}